cnty_fips,display_name,heart_disease,high_cholesterol,diagnosed_diabetes,obesity,physical_inactivity,current_smoker,broadband_internet,computer,education_lessthan_highschool,education_lessthan_college,foodstamp_snap,median_home_value,median_household_income,income_inequality,poverty,severe_housing_cost_burden,unemployment_rate,air_quality,park_access,urban_rural_value,population_all_genders18+,population_women18+,population_men18+,population_all_ages,population_over65_percent,american_indian_alaska_native_all_ages_nh_percent,asian_pacific_islander_all_ages_nh_percent,black_all_ages_nh_percent,white_all_ages_nh_percent,some_other_race_all_ages_nh_percent,two_ormore_races_all_ages_nh_percent,hispanic_all_ages_percent,cholesterol_medication_nonadherance_all_race,cholesterol_nonadherance_Black_percent,cholesterol_nonadherance_White_percent,cholesterol_nonadherance_Hispanic_percent,cholesterol_nonadherance_NA/AI_percent,cholesterol_nonadherence_AAPI_percent,cholesterol_screening_percent,cardiac_rehab_eligibility_rate,cardiac_rehab_participation_rate_percent,cardiac_rehab_completion_rate_percent,cardiac_rehab_mean_number_session,hospitals_number,hospitals_cardiac_intensive_care,hospitals_cardiac_rehab,hospitals_emergency_dept,hospital_neurolgical_services,pharmacy_drug_stores,primary_care_physicians,cardio_disease_physcians,neurologists_physicians,neurosurgeons_physcians,health_insurance_status_percent,medicare_beneficiaries_heart_disease_totalcostpercapita,medicare_beneficiaries_heart_disease_totalincrementalcosts,medicare_beneficiaries_heart_disease_prevalence_percent
13001,"""Appling, (GA)""",9.8,37.1,8.4,24.9,21.4,23.8,37.9,13.9,22.8,90.5,20.5,87000,45000,0.472,19.9,11.4,3.6,9.4,3,4,13863,7021,6842,18428,17.2,0.6,0,19.7,68.8,0.4,0.6,9.9,19.6,26.4,18.7,-1,-1,-1,85,20.1,-1,-1,-1,1,0,0,0,0,32.6,3.1,-1,-1,-1,20.6,19681,12537,37
13003,"""Atkinson, (GA)""",9.3,34.7,8.2,23.3,18.2,25.3,33,14.9,32.3,87.8,21.9,63000,40000,0.47,21.6,9.3,2.9,9.4,0,4,6088,3032,3056,8311,12.9,0.6,0,15.4,55.7,0.3,2.1,25.9,18.2,-1,16.7,-1,-1,-1,82.7,29.2,-1,-1,-1,0,0,0,0,0,0,-1,-1,-1,-1,23.8,19590,12892,42.4
13005,"""Bacon, (GA)""",9.3,36,7.6,25.5,21.5,24.4,27,16.7,17.6,90.7,20.1,82000,42000,0.458,21.1,14.1,3.2,9.2,0,4,8293,4217,4076,11140,15.6,0,0.4,16.4,73.2,0.3,1.4,8.3,20.2,-1,19.1,-1,-1,-1,84.8,20.3,-1,-1,-1,1,0,0,0,0,45,1.6,-1,-1,-1,19.6,24799,18650,42.1
13007,"""Baker, (GA)""",11,38.1,8.2,22.4,21.9,21,52.2,34.3,16.8,78.6,24.6,108000,44000,0.499,23.7,10.7,4.9,9.5,5,3,2565,1328,1237,3090,29.8,0,6.2,37.9,50.1,0.3,1,4.5,19.8,-1,16.8,-1,-1,-1,88.4,19.3,-1,-1,-1,0,0,0,0,0,0,-1,-1,-1,-1,18.1,22207,18043,34.6
13009,"""Baldwin, (GA)""",7.6,31.9,8,29,22.5,18.5,20.2,10.8,13.5,75.7,16.9,129000,49000,0.532,22.6,19.9,4.8,10.2,11,4,36622,18161,18461,45072,15.9,0.1,1.9,41.7,52.2,0.3,1.5,2.3,18.4,23.2,15.8,-1,-1,-1,85.3,21.8,17.4,79.9,0.8,1,0,1,1,0,16,2.2,-1,44.9,-1,16.9,20638,15454,37.3
13011,"""Banks, (GA)""",8.8,36.8,8.3,23.2,21.9,21.6,26.5,16.8,24.9,84.2,10.1,165000,63000,0.432,11.6,9,2.6,10,9,4,14577,7305,7272,18900,16.7,0.4,1.1,2.1,87.6,0.2,1.6,7,14.5,-1,14.2,-1,-1,-1,85.1,15.6,22.1,-1,-1,0,0,0,0,0,0,4.8,-1,-1,-1,21.3,20236,14919,38.2
13013,"""Barrow, (GA)""",6.4,32.8,8.9,27.6,26.8,19.2,11.4,6.7,13.5,79.8,11.2,170000,64000,0.39,10.1,10.8,2.9,10.5,14,2,60161,31070,29091,81294,12.5,0.1,3.9,11.9,69.6,0.5,2.5,11.5,15.4,21.6,14.1,22.9,-1,-1,85.6,16.9,29.5,47.8,0.5,1,0,0,1,1,7.1,4.2,83.2,-1,-1,17.8,18618,12530,37
13015,"""Bartow, (GA)""",7.1,34.6,8.8,25.9,26.2,20.1,20.2,7.7,13.8,80.2,12.3,179000,65000,0.433,10.2,11.3,3.5,10.4,22,2,80753,41341,39412,106456,13.9,0.1,0.9,9.8,75.8,1.8,2.8,8.8,17,21.9,16.4,-1,-1,-1,86,27.8,25,29.4,0.3,1,0,0,0,0,9.1,2.5,107.7,107.7,-1,18,20608,14068,41.8
13017,"""Ben Hill, (GA)""",9.7,36.1,9,25.3,27,24.4,39.9,16.8,16.4,89,23.1,86000,39000,0.499,22.3,15.1,5.2,9.3,9,4,12693,6829,5864,16889,17.1,0,0.5,36.9,55.2,0.3,0.9,6.2,16.6,18.9,16.6,-1,-1,-1,86.4,21.2,-1,-1,-1,1,0,0,0,0,17.5,1.9,-1,-1,-1,17.1,22934,15585,35.2
13019,"""Berrien, (GA)""",9.4,36.8,8.2,30,23.1,23.6,29.5,18.3,20.4,86.8,17.7,95000,45000,0.429,18.9,9.5,3.7,9.7,2,4,14573,7470,7103,19206,17.9,0,0.9,9.9,81.6,0.4,2,5.2,18.2,-1,16.7,-1,-1,-1,84.7,21.8,22.2,-1,-1,1,0,0,1,0,16.5,4.8,-1,-1,-1,21.1,22282,14722,35
13021,"""Bibb, (GA)""",7.8,33.3,12.8,34.3,29.6,19.5,20.5,12,13.6,74.7,24,125000,44000,0.52,28,19.1,5,9.8,17,3,115799,62970,52829,153026,15.6,0.1,2,54.1,37.6,0.6,2.2,3.4,18.4,24.5,14.3,-1,-1,-1,87.4,22,22.6,51.8,0.5,3,1,1,1,1,17.8,0.7,7,12.8,12.8,14.6,21265,15311,38
13023,"""Bleckley, (GA)""",8.1,33.6,7.9,31.6,22.2,19.7,28.8,15.7,10.4,82.1,16.8,102000,51000,0.445,18.5,12,5,9.5,9,4,10340,5497,4843,12870,17,0,0.1,28.2,68.1,0.2,0.3,3.1,18.5,24.1,16.2,-1,-1,-1,85.9,29.9,-1,-1,-1,1,0,0,0,0,23.9,2.6,-1,-1,-1,14.5,22860,17013,40.9
13025,"""Brantley, (GA)""",9.7,38,7.8,30.8,23.6,25,29,11.5,19.5,93.1,19.1,93000,39000,0.447,17.8,14.1,3.6,8.5,7,3,14368,7268,7100,18924,16.4,0.2,0.9,3.3,91.9,0.2,1.3,2.2,18.1,-1,17.1,-1,-1,-1,84.5,20.4,-1,-1,-1,0,0,0,0,0,16.6,6.4,-1,-1,-1,18.6,23519,16832,38
13027,"""Brooks, (GA)""",9.9,37.1,8.5,26.1,23.7,21.9,34.8,18.6,16.1,83.5,19.9,94000,43000,0.562,20.6,15.5,3.7,9.8,1,3,12120,6365,5755,15548,19.1,0,0.6,35.4,55.4,1.1,1.6,5.9,18.2,22.8,16.3,-1,-1,-1,87.7,21.8,20.1,-1,-1,1,0,0,1,0,0,5.2,-1,-1,-1,19.2,23332,16470,38.1
13029,"""Bryan, (GA)""",5.4,29.8,8.7,25.5,21.7,16.3,12.5,6,7.2,67,8.2,227000,82000,0.406,8,10.7,2.9,9.3,33,3,27063,13956,13107,38321,10.8,0.3,1.3,13.9,72.1,0.4,4.5,7.5,18.5,24,16.5,-1,-1,-1,86.8,17.6,25.7,-1,-1,0,0,0,0,0,11.1,1.5,-1,-1,-1,12.6,20990,13355,35.4
13031,"""Bulloch, (GA)""",5.9,29.4,10.4,29,24.2,18.1,18.9,7.4,11.8,72.4,14.9,147000,49000,0.486,20.7,15.8,4.1,9.5,6,4,62285,32093,30192,77719,11.3,0.1,1.5,27.9,63.2,0.4,2.8,4.1,18,24.4,16.4,-1,-1,-1,82.7,19.2,13.6,-1,-1,1,0,0,0,0,16,1.9,19.9,39.8,79.6,16.7,21767,15278,38.7
13033,"""Burke, (GA)""",8.5,34.9,9.7,23.5,22.5,22.1,21.7,12.8,18.6,85.5,24.3,90000,45000,0.464,20,10.1,5.8,10,7,3,16699,8943,7756,22567,15.7,0,0.4,47.3,47.4,0.2,1.5,3.2,18.9,24,15.8,-1,-1,-1,87,17.6,23.1,-1,-1,1,0,0,0,0,12.2,3.2,-1,-1,-1,15.1,20212,13962,33.3
13035,"""Butts, (GA)""",8.1,35.5,10,22.3,20.3,23,21.9,11.9,19.9,88.9,16.2,157000,53000,0.454,20.8,10.1,3.6,10.3,8,2,19546,8988,10558,24463,15.6,0,0.4,28.2,65.8,0.5,1.8,3.3,18.2,25.6,15.8,-1,-1,-1,85.2,18.7,-1,-1,-1,1,0,0,1,0,11.7,4.2,-1,-1,-1,15.3,20716,14689,33.8
13037,"""Calhoun, (GA)""",9.1,35.2,9.4,20.3,21.5,25.6,32,20.4,24.5,88.2,25,49000,38000,0.45,34.4,13.4,4,9.2,5,4,5198,1943,3255,6301,15.5,0,0.8,60.1,32.4,0.8,1,4.9,20,23,16.4,-1,-1,-1,84.7,-1,-1,-1,-1,0,0,0,0,0,0,6.2,-1,-1,-1,18.4,25413,18576,31.1
13039,"""Camden, (GA)""",6.8,31.5,9.7,33.6,23.8,18.2,13.6,6.2,8.2,77.5,11.6,171000,68000,0.428,9.4,12.3,3.2,8.2,9,4,40877,19958,20919,53960,13.2,0.5,1.8,17.8,69.6,0.3,3.1,6.9,16.2,22.4,15,-1,-1,-1,84.9,21.6,7.9,-1,-1,1,0,0,1,0,10.9,3.9,54.7,54.7,-1,14.2,20428,14106,33.3
13043,"""Candler, (GA)""",10,36.4,8.5,24.3,21.2,23.4,30.6,18.9,21.6,88.6,24.6,90000,43000,0.491,20.1,12.6,3,9.3,1,4,8127,4222,3905,10834,18.1,0,0.5,24.9,60.1,0.2,2.6,11.7,18.7,24,17,-1,-1,-1,85.3,19.8,-1,-1,-1,1,0,0,0,0,36.4,5.4,-1,-1,-1,22.2,22896,14431,36.9
13045,"""Carroll, (GA)""",6.9,32,10.8,28.3,27.1,19.4,16,9.7,15,77.9,14.4,147000,65000,0.427,16.8,11.7,3.7,10.1,6,2,90496,47262,43234,118692,13.6,0.3,0.8,19.3,69.4,1.7,1.5,7,17.4,23.1,16,-1,-1,-1,85,24.3,29.7,50,0.5,2,0,1,1,1,16.7,2,20,30,120,16.7,18862,12245,37.2
13047,"""Catoosa, (GA)""",7.6,36.1,10.2,34.4,26.7,18.1,14.3,8.6,11.1,77,10.4,151000,62000,0.415,10.1,9.7,2.7,10.2,14,3,51903,27431,24472,67181,17.7,0.2,1.4,1.9,90.5,0.6,2.4,3,15.8,-1,15.4,-1,-1,-1,87.3,22.7,37.2,48.1,0.5,1,0,0,1,0,11.8,2.1,33.8,-1,-1,12.7,18467,12372,40.3
13049,"""Charlton, (GA)""",9,35.3,8.3,23.2,21,24.7,29.9,16.6,19.8,87.2,13.4,87000,46000,0.438,25.5,14.5,3.2,7.9,47,4,10591,4165,6426,13032,15.8,1.1,1,25.9,61.2,0.4,3.3,7.1,19.3,24.9,16.8,-1,-1,-1,83.5,26.6,-1,-1,-1,0,0,0,0,0,23.9,3.3,-1,-1,-1,20.3,22680,15719,39
13051,"""Chatham, (GA)""",6.6,31.4,10.3,29.2,23.6,15.8,12.2,6.1,9.9,65.6,13.9,209000,56000,0.482,15.6,16.2,4.3,8.3,30,3,228103,120123,107980,289649,15.4,0.1,2.8,39.6,47.8,0.8,2.4,6.5,18.8,24,16.4,22.1,-1,16,87.7,10.5,41.5,10.5,0.1,3,1,1,2,2,14.9,1.1,10.3,19.3,36.2,16.4,20791,13851,30.2
13053,"""Chattahoochee, (GA)""",3.5,20.7,8.8,23.8,19.5,18.2,19.7,12.2,5.8,73,7.3,82000,52000,0.494,15.6,15.4,4.5,10.6,27,3,8277,2639,5638,10470,3,0,2.7,20.3,56.5,1.2,3.1,16.2,18.5,-1,-1,-1,-1,-1,76.9,-1,-1,-1,-1,1,0,0,0,0,0,1.4,-1,-1,-1,10.7,21291,16846,36.5
13055,"""Chattooga, (GA)""",9.8,37.6,10.5,32,23.9,25.5,26.6,19.2,27.7,90.3,19.8,77000,44000,0.435,18.8,9.4,4.8,9.9,19,4,19220,9295,9925,24826,17.6,0,0.3,9.5,82.5,0.4,2,5.3,15.4,18.4,15.5,-1,-1,-1,84.3,32.7,15.4,-1,-1,0,0,0,0,0,16.1,12.4,-1,-1,-1,17.3,19653,14191,44.2
13057,"""Cherokee, (GA)""",6.2,33.8,9.4,31.4,20.3,14.6,6.8,3.9,7.9,63.1,4.8,271000,91000,0.412,6.7,11.1,2.6,10.5,36,2,191752,98706,93046,253780,14,0,1.9,6.6,78.1,0.4,2.4,10.6,14.5,23,14.1,21.4,-1,15.6,88.2,15,46.3,33.5,0.3,1,0,1,1,1,7.8,2.3,129.4,258.8,-1,14.3,18477,11522,35.1
13059,"""Clarke, (GA)""",5.4,27.3,9.1,29,19.6,16.5,13.5,6.4,10.5,54.6,12.9,187000,47000,0.522,24.6,23.6,3.8,8.3,51,3,105040,55856,49184,126952,10.9,0,3.9,28,54.9,0.4,2.1,10.7,15.1,20.1,13.2,-1,-1,-1,82.2,14.1,36.3,38.9,0.4,2,1,2,2,2,15.6,1.3,9.9,18.3,32.1,16.8,17528,11765,32.8
13061,"""Clay, (GA)""",12.2,40.7,9.7,24.3,22.5,22.1,26,10.6,17.1,83.1,33.1,71000,36000,0.461,24.1,13.3,10.2,8.8,22,4,2353,1125,1228,2931,30.5,0,1,55.6,42.3,0.6,0.2,0.3,16.9,-1,14.5,-1,-1,-1,88.7,23.3,-1,-1,-1,0,0,0,0,0,0,2.8,-1,-1,-1,17.3,19573,11451,35.5
13063,"""Clayton, (GA)""",5.9,29.3,13.1,34.8,32.4,18.9,16.8,6.5,15.1,80.9,22.8,122000,49000,0.413,16.8,17.9,6.5,9.3,18,2,207380,113522,93858,287560,9.4,0.1,5.1,68.8,9.5,0.9,2.5,13.1,20.5,23.8,14.8,21.9,-1,17.2,87,12.2,18.7,47.3,0.5,1,0,0,0,0,8.4,3.7,19.5,97.4,292.3,18.2,26514,20795,30
13065,"""Clinch, (GA)""",10.5,37.1,8.1,21.3,19.9,27.7,45.7,21.7,27.8,89.2,24.4,72000,43000,0.489,20.4,11.8,2.9,8.5,3,4,4952,2588,2364,6648,15.1,2.3,0,25.1,64.9,0.3,1.4,6,17.4,-1,15.7,-1,-1,-1,83.4,15.2,-1,-1,-1,1,0,0,0,0,0,6.6,-1,-1,-1,17.9,29001,21011,39.6
13067,"""Cobb, (GA)""",5.2,29.5,8.2,28.2,21.3,13.1,6.7,2.8,7.4,51.6,7.2,274000,82000,0.448,9.2,11.8,3.3,9.2,37,2,578326,302011,276315,756653,12.3,0.1,5.4,26.8,51,0.7,3,13,15.4,21.9,14.3,21.1,-1,15.6,88.7,12.9,38.2,28.8,0.3,2,2,2,2,2,11,1.3,19,28.2,63.3,14.4,18509,12102,34.5
13069,"""Coffee, (GA)""",8.1,33.9,10.8,25.4,26.9,24.1,25.3,14.6,25.2,87.8,18.8,106000,45000,0.468,23.1,11.4,4.1,9.7,5,4,32522,15881,16641,43070,14,0,0.6,28.5,57.7,0.4,1.1,11.7,18.2,24,16.9,-1,-1,-1,84.1,29.8,16.4,50,0.5,1,0,1,1,1,23.2,1.9,21.6,-1,-1,20.7,21778,14888,44.3
13071,"""Colquitt, (GA)""",9.1,35.1,9.5,24.1,27.9,23.8,27,12.9,25.4,86.3,22.8,93000,42000,0.481,20.4,12.6,3.2,9.9,5,4,33749,17302,16447,45510,15.2,0.3,0.7,23.3,55.3,0.4,0.6,19.4,19.4,22.4,18,-1,-1,-1,84.4,15.4,14.1,-1,-1,1,1,0,1,1,21.8,2.4,45.6,22.8,-1,23.5,22995,16097,38.3
13073,"""Columbia, (GA)""",5.8,30.6,9.5,28.2,23.8,14.1,12.4,5,7,63.5,5.3,215000,87000,0.398,6.7,7.1,2.7,10.3,11,3,115154,59530,55624,154257,13.6,0.1,4,16.7,67.8,0.5,4,6.9,16.1,20.4,15.6,-1,-1,17.3,88,15.2,35.3,-1,-1,0,0,0,0,0,9.6,1,12.1,11.2,26.1,12.2,19225,13593,32.3
13075,"""Cook, (GA)""",8.8,37.2,10.2,25.2,24.9,23,32.1,16.7,19.3,84.3,22.2,93000,35000,0.475,19.5,14.8,3.4,9.6,3,4,12834,6774,6060,17217,16.1,0,0.8,27.2,64.3,0.3,1.6,5.8,18.9,23.9,17.5,-1,-1,-1,85.8,10.2,-1,-1,-1,1,0,0,0,0,17.4,1.7,-1,-1,-1,18.7,23675,15687,36.7
13077,"""Coweta, (GA)""",6.5,33.3,8.4,27.5,25.2,15.2,11.4,5.7,9.6,66.7,8.3,225000,84000,0.423,8.6,9.3,3.4,10.4,9,2,110318,57288,53030,145839,13.9,0.2,1.9,17.3,70.6,0.5,2.4,7.1,15.6,21.7,14.6,18.2,-1,-1,87.8,14.3,36.8,59.1,0.6,1,0,0,0,0,15,2.1,74.3,24.8,148.5,12.5,18581,12322,35.5
13079,"""Crawford, (GA)""",9.2,37.7,8.5,21,24.4,21.7,26.5,12.9,16.9,89.4,14.9,122000,48000,0.436,16.1,8.8,3.7,10,1,3,9750,4762,4988,12267,18.5,0.1,0.1,22,73.2,0.3,0.9,3.4,15.5,21,13.8,-1,-1,-1,87,20.7,-1,-1,-1,0,0,0,0,0,0,12.4,-1,-1,-1,17.4,21712,14484,43.7
13081,"""Crisp, (GA)""",10.6,37.2,8.9,26.5,22.2,24.2,32.3,14.7,17.3,86.3,26.3,83000,37000,0.555,24.5,16.5,8.6,9.5,7,4,17110,9129,7981,22509,18.8,0,0.2,45.7,49.5,0.3,0.8,3.5,19,24.1,17,-1,-1,-1,86.8,21.3,-1,-1,-1,1,0,0,1,0,20,1.5,-1,-1,-1,16.7,21849,15191,35.2
13083,"""Dade, (GA)""",8.6,36.4,7.7,21,20.7,19.8,21.1,14.4,18.5,84.2,9.5,129000,41000,0.457,13,9.6,2.6,9.6,8,3,13096,6790,6306,16183,19.3,0,0.7,0.9,92.6,0.5,3,2.3,15.9,-1,15.7,-1,-1,-1,85.5,20.4,18.3,-1,-1,0,0,0,0,0,18.5,2.7,-1,-1,-1,16.5,17898,11321,38.9
13085,"""Dawson, (GA)""",7.5,36.3,8,25.9,19,15.8,12.2,4.5,11.7,66.4,7.6,242000,75000,0.423,8.7,8.3,2.7,9.4,50,2,20233,10103,10130,25277,19.9,0.1,0.7,0.7,90.9,0.3,2.5,4.8,15.1,-1,14.9,-1,-1,-1,87.8,15.9,23.6,-1,-1,0,0,0,0,0,14.8,1.5,-1,-1,-1,16.8,19583,12585,35.7
13087,"""Decatur, (GA)""",8.7,35.4,12.1,27.4,26.7,22.1,40.1,25.9,17.1,86,31.5,115000,43000,0.475,25.6,13.3,3.7,9.6,13,4,20147,10616,9531,26595,16.3,0.1,0.6,41.6,49.8,1.4,0.4,6.1,19.1,23.6,15.9,-1,-1,-1,86.6,27,7.4,-1,-1,1,0,0,0,0,20.5,2.6,26.4,-1,-1,18.3,19338,13239,37.9
13089,"""DeKalb, (GA)""",5.6,29.8,10.3,28,19,14,12.1,6,9.7,54.4,16.9,235000,70000,0.489,15.8,16.2,4.6,12.1,52,2,580353,312450,267903,755287,12.4,0.1,6.1,52.8,29,0.7,2.9,8.4,18.6,22.9,14.4,22.2,-1,16.9,88.7,11.8,24.1,25.6,0.3,4,2,2,4,4,10.5,0.9,6.7,7.7,21.7,16.9,21581,15692,30.3
13091,"""Dodge, (GA)""",9.2,36.9,11.1,25.2,24.8,22,36.3,20.1,14.3,84.7,20.8,87000,43000,0.463,21.4,13.3,4.2,9.7,1,4,16723,8012,8711,20725,18.2,0,0.3,29.7,64.3,0.8,1.3,3.6,18.9,24.4,16.9,-1,-1,-1,86.3,26.8,-1,-1,-1,1,0,0,1,0,20.2,2.6,-1,-1,-1,16.8,22655,15269,42.8
13093,"""Dooly, (GA)""",9.5,35.8,10.7,29.4,22.3,21.1,38.9,20.5,19.5,87.1,17.2,81000,45000,0.472,27,8.9,7.3,9.7,1,4,11224,5020,6204,13571,20.1,0,0,49.4,42.3,0.2,1.1,7,20.4,24.1,16.6,-1,-1,-1,87.3,20.7,-1,-1,-1,0,0,0,0,0,0,13.4,-1,-1,-1,18.7,21294,14859,39.4
13095,"""Dougherty, (GA)""",8.2,33.2,11.8,28.9,28.3,20.6,24.2,13.1,15.6,77.8,29.5,106000,41000,0.487,27.4,21.3,6.4,10,37,3,67547,37375,30172,88696,15.8,0.1,0.9,69.3,24.6,0.5,1.7,2.9,20.2,22.6,16.6,-1,-1,-1,87.6,11.8,44.1,26.5,0.3,1,1,1,1,1,23.4,1.2,22,88,44,16.5,20320,13446,29.1
13097,"""Douglas, (GA)""",6.1,32.8,10.9,27.2,24.8,17.2,16.1,5.1,12.3,71.9,13.7,171000,65000,0.421,11.5,12.8,4.4,10.5,20,2,107470,57562,49908,145063,11.6,0,1.7,46.8,38.8,0.5,2.4,9.8,17.8,23.2,15,20.6,-1,-1,88,16.3,31,31.4,0.3,1,0,1,1,1,9.7,2.6,48.8,48.8,146.3,14.8,21930,15752,36
13099,"""Early, (GA)""",10.2,37.6,9.7,22.2,22.1,23.7,48,33.6,19,86.3,31.1,121000,40000,0.497,24,17.4,5,9.2,5,4,7678,4193,3485,10218,19.1,0.4,0.5,50.2,44.5,0.3,1.8,2.3,17.2,22,15.5,-1,-1,-1,87.5,24.9,-1,-1,-1,1,0,0,0,0,27.7,1.7,-1,-1,-1,15.5,20786,12680,37.8
13101,"""Echols, (GA)""",8.1,33.3,7.6,21.1,20.2,22.6,49.2,31.1,23.1,92.2,18.3,76000,45000,0.493,20.6,5.9,2.7,8.4,1,3,2998,1529,1469,3944,13.6,1.6,0,3.5,59.1,0.4,7.4,28,17,-1,15.3,-1,-1,-1,83.3,32,-1,-1,-1,0,0,0,0,0,0,-1,-1,-1,-1,23.4,23414,17120,45
13103,"""Effingham, (GA)""",6.2,32,9.6,23.5,21.1,18.2,22.1,6.1,10.6,76.1,9.1,171000,78000,0.433,8.1,8.5,2.9,9.2,13,3,45723,23402,22321,62241,11.7,0.1,0.7,13.4,77,0.8,3.3,4.7,16.6,24.1,15.9,-1,-1,-1,86.4,14.6,24.1,-1,-1,1,0,0,1,1,10.7,4.6,-1,-1,-1,13,21747,14417,34.5
13105,"""Elbert, (GA)""",10.1,38.1,8,22.5,22.8,22.8,33.4,21.7,21.2,88.2,21.3,87000,44000,0.46,23.8,15.6,4.9,10,27,4,14990,7952,7038,19164,20.7,0.1,0.6,29.3,63.2,0.5,0.5,5.8,16.3,18.8,15.2,-1,-1,-1,86.6,17,17.4,-1,-1,1,0,0,1,0,30.6,2.1,-1,-1,-1,18.2,21982,15839,38.6
13107,"""Emanuel, (GA)""",9.2,35.5,9.8,28.1,20.7,24.1,28.7,16.6,20.8,88.6,25.9,75000,36000,0.459,26.4,11.9,5.3,9.6,5,4,16922,8599,8323,22525,16,0.2,0.1,33.4,59,0.4,2.4,4.5,20.2,24.7,18.4,-1,-1,-1,85.6,25.8,-1,-1,-1,1,0,0,0,0,26.4,2.3,-1,-1,-1,17.4,22165,15235,42.6
13109,"""Evans, (GA)""",9.2,35.7,7.6,22.2,20.4,23,25.4,13.8,23,83.9,25.7,98000,51000,0.435,19.6,14.6,3.5,9.3,3,4,7829,4132,3697,10671,16.2,0.2,0.9,28.4,56.2,0.4,2.2,11.7,18.8,25,16.8,-1,-1,-1,85.2,14.1,-1,-1,-1,1,0,0,0,0,46.5,2.1,-1,-1,-1,18.9,22424,15861,33.9
13111,"""Fannin, (GA)""",10.9,40.4,9.4,23.3,28,18.2,15.6,11.9,12,77.9,11,207000,45000,0.483,15.6,10.3,2.8,8.9,35,4,21557,11195,10362,25797,29.1,0,0.4,0.1,94.3,0.7,2,2.5,15.4,-1,15.4,-1,-1,-1,89.3,14.2,28.8,47,0.5,1,0,0,0,0,15.8,2.2,-1,-1,-1,19.4,16948,11118,35.3
13113,"""Fayette, (GA)""",6.4,33.9,7.7,27.5,18.1,12.3,8.9,3.8,4.5,53.2,4.3,293000,99000,0.421,5.3,10.6,2.9,10.5,23,2,87333,45774,41559,113544,18.3,0,4.4,23.3,60.5,1.8,2.7,7.3,15.9,22.3,14.5,19.3,-1,17.8,90.5,13.1,36.1,58.8,0.6,1,0,0,0,0,15.1,0.9,11.4,16.3,-1,11.3,16491,10313,33.5
13115,"""Floyd, (GA)""",8.1,34.1,9.5,27.4,28.8,19.8,16.1,10.6,16.3,78.6,15,138000,47000,0.479,18.4,12,3.7,9.3,26,3,75224,39567,35657,97805,16.6,0.1,1.1,13.7,70.4,0.7,2.8,11.2,17.3,22.7,16.5,-1,-1,-1,85.4,28.5,26.4,36.2,0.4,2,1,1,1,1,20.3,0.7,12.3,16.4,19.7,18.1,21681,15872,43
13117,"""Forsyth, (GA)""",5.1,33.9,8.1,24.8,17.8,11.4,4.8,2.5,6.6,45.2,2.7,362000,117000,0.399,5.1,8.5,2.5,10.5,26,2,171714,87496,84218,236605,11.9,0.1,14.1,3.4,69.7,0.6,2.7,9.4,15.4,23,14.5,21.9,-1,16.7,89.2,15.3,38.2,28,0.3,1,0,1,1,1,10.3,2.5,22.2,61.1,244.3,10.9,18085,11240,35.9
13119,"""Franklin, (GA)""",8.8,36.8,7.6,23.1,20.3,20.4,27.8,14.9,18.4,82.9,16.4,121000,48000,0.469,16.3,10.6,3.7,10.1,9,4,17967,9339,8628,23015,19,0.1,1.1,8.8,83.1,0.3,1.8,4.8,16.4,23,15.8,-1,-1,-1,85.4,20.2,24.1,45.3,0.5,1,0,0,1,1,38.4,3.9,11.7,-1,-1,19.3,19511,13647,36.6
13121,"""Fulton, (GA)""",5.1,29.1,8.8,26.9,20.1,13.1,10.9,5.7,6.9,45.5,14,327000,72000,0.54,13,16.4,4.7,10.6,57,1,822358,429497,392861,1051550,11.7,0.1,7.2,43.1,39.2,1,2.3,7.1,18.2,23.1,14.5,21.5,-1,16.7,88.9,11.2,27.4,30.3,0.3,8,5,5,8,8,13.1,0.9,6.9,11.1,28,12.6,20711,14181,32.2
13123,"""Gilmer, (GA)""",10.2,38.9,9.6,24.7,19.2,18.9,18.2,12.1,15.6,78.6,12.3,206000,66000,0.433,14,9.2,3,9.2,34,4,25057,12602,12455,30986,25,0.2,0.3,0.1,85.7,0.2,1.8,11.7,14.1,-1,14.1,-1,-1,-1,87.5,17.1,32.8,47.7,0.5,0,0,0,0,0,9.5,1.7,-1,-1,-1,21.8,17580,10738,38.2
13125,"""Glascock, (GA)""",9.2,37.5,7.5,24.6,19.1,22.6,40.2,17.3,23.9,89.7,14.4,83000,51000,0.44,15.5,6.6,2.6,9.6,1,4,2323,1260,1063,2984,16.9,0.4,0,9.7,87.2,0.2,0.9,1.6,19.6,-1,16,-1,-1,-1,86,22.9,-1,-1,-1,0,0,0,0,0,0,3,-1,-1,-1,14,21217,16661,45
13127,"""Glynn, (GA)""",8.2,36.5,8.2,26.1,28,17.4,19.3,10.8,11.4,70.3,15.2,194000,59000,0.485,15.5,13.2,3.8,7.8,26,3,66479,35796,30683,85008,20.3,0.2,1.5,25.2,63.2,0.5,2.8,6.6,16.9,20.8,16.3,-1,-1,-1,88.4,18.4,39.2,55.2,0.6,1,1,1,1,1,21.3,1.9,14.2,17.1,42.6,18.5,22028,15320,29.8
13129,"""Gordon, (GA)""",8.1,35.4,9.1,33.8,26.9,20.9,25.6,12.1,22.1,84.1,12.5,148000,55000,0.456,11.8,11.4,3.2,10.2,10,4,43704,22486,21218,57756,15,0,1.1,3.7,77.1,0.3,1.7,16.1,16.6,-1,16.2,-1,-1,-1,84.6,27.6,23.4,26,0.3,1,0,0,1,0,15.6,2.4,-1,58,-1,19.6,19129,13654,43.3
13131,"""Grady, (GA)""",9.2,36.5,9.9,24.1,22.4,20.5,23.4,16.3,18.7,84.7,20.1,122000,55000,0.456,18.7,14.1,3.1,9.9,2,4,18613,9805,8808,24693,18.2,0.4,0.6,28.8,58,0.2,0.7,11.3,16.7,20.1,15.5,-1,-1,-1,86.6,21.1,36.8,-1,-1,1,0,1,1,0,19.1,1.9,-1,-1,-1,20.4,19176,13107,36.1
13133,"""Greene, (GA)""",10.4,39.8,8.2,24.2,24.5,16.4,26,14.8,13,69.5,14.8,241000,62000,0.557,15.3,13.7,3.7,10.1,16,4,14492,7467,7025,17808,29.5,0,1.1,34.3,58,0.2,0.3,6.1,16,23.2,14.6,-1,-1,-1,90,14.4,30.9,-1,-1,1,0,0,1,1,31.5,1.5,18.3,-1,-1,18,16021,10067,34.3
13135,"""Gwinnett, (GA)""",5.4,31.2,9.5,28.9,25.1,13.9,9.7,3.6,12.1,62.6,8.5,236000,73000,0.434,10.4,14.8,3.5,8.5,26,2,676607,350967,325640,926414,10,0.1,12.1,27.2,36.1,0.7,2.6,21.2,16.3,22.9,14.4,22.1,-1,16.6,87.4,13.4,26.7,36,0.4,2,1,1,1,1,11.4,1.5,33.4,30.2,72,17.7,19866,13695,33
13137,"""Habersham, (GA)""",8.1,34.8,7.5,25.7,24.8,18.9,23.7,15.4,19.8,78.9,11.5,155000,61000,0.432,13.7,10.7,3.6,9.5,23,4,35020,18699,16321,45204,18.5,0.1,2,2.6,76.3,0.7,2.8,15.5,15.8,-1,15.4,-1,-1,-1,85.7,15,40.9,-1,-1,1,0,0,0,0,23.9,2.1,-1,-1,-1,20.3,17916,11598,35.8
13139,"""Hall, (GA)""",7.5,33.7,10,30.5,25.3,17.8,10.8,6.6,20.8,76,9.8,213000,68000,0.457,12.7,12.5,2.7,8.5,43,3,150566,76563,74003,201434,15,0.1,1.9,6.9,60.2,0.5,1.9,28.5,15.4,21.9,14.6,22.5,-1,16.9,85.9,14.5,37.9,63.6,0.6,1,1,1,1,1,14.7,1.7,10.8,22.7,51.1,21.6,18923,12333,34.9
13141,"""Hancock, (GA)""",11,37.8,8.7,22.3,19.8,24.6,52.4,30,29.7,90.7,22.1,80000,36000,0.516,30.7,17.6,6.4,9.8,3,4,7575,3164,4411,8500,22.9,0,1.5,72.1,24.4,0.2,0.3,1.5,18.2,23.6,15.5,-1,-1,-1,87.6,17,-1,-1,-1,0,0,0,0,0,0,8.5,-1,-1,-1,13.1,25575,20393,33.8
13143,"""Haralson, (GA)""",7.7,37.6,7.8,29.1,24.4,20.5,18.7,11.6,17.7,82.7,16.7,144000,51000,0.452,15.5,12.1,3.5,9.7,0,2,22549,11579,10970,29608,16.1,0.1,0.8,4.3,90.4,0.7,1.9,1.8,16.2,-1,15.8,-1,-1,-1,85.7,16.7,-1,-1,-1,1,0,0,1,0,26.7,2.5,-1,-1,-1,16.6,23159,15027,36.8
13145,"""Harris, (GA)""",7.1,36.6,9.7,27.1,19.7,14.5,14.5,5.7,6.4,67.6,6.4,230000,81000,0.428,9,9.7,2.9,10.3,11,3,27254,13801,13453,34676,18.4,0.1,0.6,15.9,76.5,0.3,2.9,3.7,18.3,22.3,17.2,-1,-1,-1,89.5,22,39.9,46.2,0.5,0,0,0,0,0,0,2.7,35.2,-1,-1,10.9,17436,11090,38.3
13147,"""Hart, (GA)""",9.4,37.9,9.1,24.2,20.2,19.2,25.8,11.7,17.2,82.8,14.3,149000,52000,0.442,14.4,13.4,3.9,10.1,32,4,20632,10600,10032,25981,22.7,0,0.9,19.5,74.5,0.3,1.2,3.6,16.3,21.8,15.5,-1,-1,-1,87.2,14.8,24,-1,-1,0,0,0,0,0,15.5,2.9,-1,-1,-1,19.5,18781,12744,35.5
13149,"""Heard, (GA)""",8.6,36.7,7.9,23.1,20.4,22.6,28.7,17.1,18.1,90.8,17.3,115000,52000,0.42,16.4,11.6,3.9,9.7,10,2,9102,4674,4428,11785,16.7,0,0.9,8.4,84.7,0.4,2.9,2.7,16.5,-1,15.7,-1,-1,-1,85.7,24.3,30.1,-1,-1,0,0,0,0,0,0,6,-1,-1,-1,16,20152,13986,41
13151,"""Henry, (GA)""",5.8,31.7,12.9,34.5,24.6,16.5,11,3.5,8.2,71.9,11.6,190000,70000,0.397,8.7,11.2,4.2,10.9,11,2,170916,91509,79407,229994,11.7,0,3.3,45,41,0.9,2.8,7,17.8,23,14.8,23.6,-1,17.4,88.4,13.1,23.9,58.8,0.6,1,0,1,1,1,10.8,2.1,46.9,33.5,78.2,12.2,19035,12956,33.3
13153,"""Houston, (GA)""",6.1,32.6,13.3,31.1,28.6,16.9,12.5,6.5,7.4,69,13.4,157000,69000,0.423,10.8,11.4,3.6,7.9,9,3,115659,61049,54610,155317,12.7,0.4,3.4,30.8,55.5,0.5,2.9,6.5,17.5,23.8,14.7,-1,-1,-1,87.6,20,16.6,40.5,0.4,2,0,1,2,1,11,1.8,52.6,52.6,-1,13.2,17886,12248,43.9
13155,"""Irwin, (GA)""",9,35.4,8.1,22.7,20.1,22.5,28.6,21.4,18.8,82.8,19.1,83000,47000,0.475,20.9,7.8,4.5,9.3,0,4,7384,3433,3951,9379,19.2,0.3,0.4,28.5,66.4,0.3,0,4.1,20.1,25,18.1,-1,-1,-1,85.1,18.6,-1,-1,-1,1,0,0,0,0,0,3.1,-1,-1,-1,15.7,17878,11513,38.1
13157,"""Jackson, (GA)""",6.9,33.2,8.8,25.9,23.1,18.2,14.4,8.5,14.7,76.5,9.1,210000,71000,0.408,9.1,8.8,2.4,10.4,6,4,52615,26782,25833,70467,14.4,0,1.7,6.8,80.8,0.5,2.1,8.1,13.4,20.6,13,-1,-1,-1,86.4,17.9,21.9,35.1,0.4,2,0,0,0,0,13,1.7,24.3,73,73,15.3,19591,12851,37.6
13159,"""Jasper, (GA)""",8.8,37.2,9.1,20.4,20.1,21.6,29,14.2,14.9,85.4,17,145000,58000,0.411,14,10.9,3.2,10.3,34,2,10752,5534,5218,14074,18,0.1,0.1,19.6,74.2,0.4,1.8,3.8,17,19.7,15.6,-1,-1,-1,86.6,14.3,-1,-1,-1,1,0,0,1,0,0,2.8,-1,-1,-1,17.3,20625,14140,37.7
13161,"""Jeff Davis, (GA)""",9.2,36.3,7.9,24.9,19.5,23.9,31.2,15.5,21.6,89,22.3,86000,44000,0.439,20,9.9,4,9.4,12,4,11085,5791,5294,15063,15.4,0,0.2,16.1,70.9,0.3,0.3,12.2,19,24.6,17.5,-1,-1,-1,84,21.7,-1,-1,-1,1,0,0,1,0,20.3,7.6,-1,-1,-1,19.5,22197,14942,38
13163,"""Jefferson, (GA)""",9.2,37.2,9.4,27.3,23.7,22.8,29.5,19.7,21.5,89.3,25.7,86000,40000,0.465,21.1,13.7,4.7,10,0,4,11838,6220,5618,15489,18.2,0.1,0.3,52.8,42.1,0.3,0.6,3.8,22.8,25,19.3,-1,-1,-1,86.6,14.3,-1,-1,-1,1,0,0,0,0,44.7,3.1,-1,-1,-1,18.5,25044,19011,36.1
13165,"""Jenkins, (GA)""",10,34.7,9.6,26.4,21.2,28,37,20.5,21.9,94.8,23.7,61000,38000,0.451,28,19.5,4.7,9.3,2,4,6920,3660,3260,8787,17.2,0.6,0.7,35.5,55.3,0.3,1.3,6.3,18.8,23.7,16.8,-1,-1,-1,84.2,31.1,-1,-1,-1,1,0,0,0,0,0,2.9,-1,-1,-1,17.7,21197,15763,35
13167,"""Johnson, (GA)""",10.2,36.6,8.4,28.6,25.6,25.8,32.1,21,26,93,18.6,69000,36000,0.424,25.9,8.3,3.5,9.6,0,4,7875,3325,4550,9717,19,0,0.1,33.8,61.9,0.4,1.3,2.5,20.4,25.8,17.5,-1,-1,-1,85.7,16.5,-1,-1,-1,0,0,0,0,0,0,1.9,-1,-1,-1,16.6,20807,15862,42.6
13169,"""Jones, (GA)""",7.8,36.2,9.3,26.6,23.6,18.8,17.4,9.1,8.3,79.2,11.9,150000,65000,0.399,11.6,9.8,3.1,10.4,8,3,22008,11511,10497,28622,17.7,0.1,0.6,24.4,70.8,0.3,2.1,1.7,17,22,14.6,-1,-1,-1,87.7,25.9,27.8,37.7,0.4,0,0,0,0,0,21.2,4.8,-1,-1,-1,14.2,20506,14780,40.7
13171,"""Lamar, (GA)""",7.7,34.6,8.1,25.3,20,19.7,22.6,10.7,12.8,86,16.7,146000,55000,0.445,13.8,12.9,4.2,10.1,2,2,14898,7838,7060,18834,17.6,0,0.5,28.3,65,0.3,3.4,2.5,19,22.7,17.2,-1,-1,-1,86.4,19.1,-1,-1,-1,0,0,0,0,0,16.2,3.2,-1,-1,-1,13.1,19843,14284,31.4
13173,"""Lanier, (GA)""",8.7,35,9.5,24.5,22.6,23.8,33.4,16.9,15.1,80.3,17.4,118000,35000,0.492,19.6,16.3,3.8,9.1,10,3,8177,4289,3888,10534,13,0.1,0.4,23,68.1,0.5,1.6,6.3,17.9,-1,15.6,-1,-1,-1,85,19.3,-1,-1,-1,1,0,0,1,0,0,-1,-1,-1,-1,15.1,24245,17663,38.9
13175,"""Laurens, (GA)""",8.9,37,12.1,37,33.4,21.7,33.1,23.6,13.7,82.9,24.8,100000,47000,0.533,20.7,14.8,4.3,9.9,11,4,35721,19363,16358,47404,17.5,0.2,1.1,37.5,56.6,1.3,0.6,2.7,19.1,25,17.1,-1,-1,-1,86.9,22.1,16.3,80,0.8,1,0,0,0,0,22.2,1.2,15.8,23.8,-1,15.5,18250,12430,43.4
13177,"""Lee, (GA)""",6.2,33.4,9,27.1,20.5,17,11.8,5.2,7.8,72.9,13.7,167000,75000,0.374,10.1,9.1,3.1,9.8,2,3,21898,11007,10891,29735,13,0.1,2.4,21.6,70.9,0.3,1.7,3,19.2,23.5,16.8,-1,-1,-1,87.4,12.9,51.7,-1,-1,0,0,0,0,0,18.1,1.7,30,-1,-1,11.7,19403,12269,31.7
13179,"""Liberty, (GA)""",5.2,29.2,11.9,26.4,31.8,19.4,10.3,4.8,8.1,80.7,15.6,134000,50000,0.399,14.7,13.8,4,9.2,1,3,44638,22106,22532,62039,9.1,0.3,2.3,39.9,38.3,0.7,5.9,12.6,19.8,26.1,17.7,-1,-1,-1,84.1,13.1,24.3,-1,-1,2,0,0,0,0,0,3.2,61.4,-1,-1,12.2,21306,14475,32.3
13181,"""Lincoln, (GA)""",10.1,39.4,9,23.3,22.7,20.2,45.2,26.1,15.4,86.1,15.8,132000,48000,0.46,16.5,16.2,4,9.5,59,3,6409,3328,3081,7929,24,0,0.1,30,66.4,0.3,1.2,2,15.7,15.5,15.5,-1,-1,-1,88.4,18.9,29.4,-1,-1,0,0,0,0,0,0,4,-1,-1,-1,17.5,19010,13038,34.7
13183,"""Long, (GA)""",6.9,31.6,9.6,23,23,23.7,15,4,14,85.3,16,130000,54000,0.421,16.7,9,3,9.2,17,3,13866,6960,6906,19236,8.9,0.2,1,24.9,56.7,0.9,5,11.3,19.7,-1,17.5,-1,-1,-1,84.7,16.6,-1,-1,-1,0,0,0,0,0,0,-1,-1,-1,-1,17.4,25015,16850,36
13185,"""Lowndes, (GA)""",6.4,31.2,12.8,33,27.2,17.8,31.3,13.6,11.7,73.8,17.9,146000,49000,0.507,20.3,14.6,4.1,7.3,29,3,88488,46165,42323,116436,12.3,0.2,1.5,36.8,53.1,0.4,2.2,5.8,18.1,23.3,16.2,-1,-1,-1,83.9,19,25,-1,-1,1,0,0,0,0,8.5,1.8,58.7,16.8,58.7,17.3,20385,14047,33.9
13187,"""Lumpkin, (GA)""",7.5,33.3,7.3,24,21.6,17,13.4,9.7,14,68.6,9.3,199000,64000,0.515,12.5,15.4,2.8,9.1,34,4,27078,14023,13055,33009,17.8,0.3,0.8,2,90.5,0.3,1.2,4.9,15.5,-1,15.2,-1,-1,-1,84.1,15.5,22.3,-1,-1,0,0,0,0,0,0,3.1,-1,-1,-1,19,18344,11917,33.6
13189,"""McDuffie, (GA)""",8.8,36.9,8.2,23.7,21.4,21.3,29.1,15.2,15.6,85,24.7,115000,48000,0.428,16.7,11.5,5.2,9.9,5,3,16081,8693,7388,21404,17.7,0,1.5,39.9,53.1,0.3,2.1,3.1,16.6,20.5,15.3,-1,-1,-1,87.1,16.7,19.5,-1,-1,1,0,0,1,0,27.8,1.9,21.3,-1,-1,16.3,22260,15987,37.8
13191,"""McIntosh, (GA)""",10.4,39.6,10.2,23.2,20.8,18.7,24.6,13.1,13.5,82.5,14.6,153000,48000,0.42,19.9,15.5,3.7,8.3,48,3,11901,6148,5753,14217,26.7,0,1.6,34.6,62,0.3,1.1,0.4,20,24.1,16.9,-1,-1,-1,89.6,13.2,53,-1,-1,0,0,0,0,0,45.5,-1,-1,-1,-1,16.4,22864,17394,31.6
13193,"""Macon, (GA)""",9.7,35.6,11.1,27.9,28.5,25.5,37,20.4,27.7,89.9,19.9,69000,36000,0.565,31.1,16,6.3,10,3,4,10626,4782,5844,13107,17.1,0,0,61.8,31.3,2,0.7,4.2,20,21.9,17.3,-1,-1,-1,85.9,37.3,-1,-1,-1,1,0,0,0,0,33.3,12.9,-1,-1,-1,17.6,21094,13700,39.7
13195,"""Madison, (GA)""",8.6,36.6,9.2,34.6,23.2,21.6,19.4,9.9,16.7,80.8,13.6,143000,51000,0.428,14.5,11.4,3.1,10.2,2,3,22819,11705,11114,29624,16.7,0.2,1.2,8.8,80.1,1.8,2.2,5.7,14.9,20.3,14.4,-1,-1,-1,86.4,19.2,18.1,-1,-1,0,0,0,0,0,16.5,6,-1,-1,-1,18.3,16671,11280,40.3
13197,"""Marion, (GA)""",9.3,38.1,7.8,24.1,20.8,20.4,43.3,20.6,20.1,86.6,20.7,109000,47000,0.434,20.6,8,3.6,9.9,0,3,6535,3375,3160,8450,20.6,0.1,1.6,30.1,58.7,0.5,1.3,7.7,17.5,20.1,16.3,-1,-1,-1,87.5,17,-1,-1,-1,0,0,0,0,0,0,-1,-1,-1,-1,19,17723,11684,40.5
13199,"""Meriwether, (GA)""",9.6,36.6,9.1,24.2,24.1,21.6,32.5,21.3,18.5,89.2,19.3,113000,45000,0.48,22.1,11.9,5.3,10,6,2,16576,8758,7818,21080,20.4,0,0.2,40.1,56.4,0.5,0.5,2.3,17.3,20.7,15.9,-1,-1,-1,87.1,17.2,35.6,-1,-1,1,0,0,0,0,19.4,3.5,-1,-1,-1,17.4,18790,12914,37.8
13201,"""Miller, (GA)""",9.9,37.7,7.6,22.4,20.4,19.7,45.9,34.1,14.6,81.4,23.5,99000,52000,0.463,19.8,8.8,3,9.2,11,4,4405,2342,2063,5725,22,0.2,0.5,30.8,67.5,0.3,0.2,0.5,19.8,-1,16.9,-1,-1,-1,87.6,23,-1,-1,-1,1,0,1,1,0,0,2.9,-1,-1,-1,17.2,26488,17801,35.6
13205,"""Mitchell, (GA)""",9.4,35,8.6,24.9,22.7,24.4,22.4,13.7,20.1,88.3,25.1,94000,38000,0.463,38.2,14.6,5,9.9,0,4,17206,8150,9056,22072,16.9,0.2,0.7,45.9,45.7,0.3,2.6,4.6,17.9,20.7,16.5,-1,-1,-1,86,17.1,23.4,-1,-1,1,0,0,1,0,41.5,2.4,-1,-1,-1,18.4,20356,13847,35
13207,"""Monroe, (GA)""",7.9,36.6,8.5,22,20.7,18,16.5,8.9,13.2,73.4,11.5,175000,66000,0.501,12.8,12.3,3.1,10.3,9,3,21646,10901,10745,27455,18.5,0.1,0.6,22.7,72.3,0.5,1.5,2.3,17,20.7,15.8,-1,-1,-1,88.1,22.1,16.2,55.5,0.6,1,0,0,0,0,10.7,1.7,-1,27.6,-1,13.5,20774,15096,36.3
13209,"""Montgomery, (GA)""",8.4,34,7.9,22.6,19.1,20.9,19.8,10.1,16.7,83.5,15.4,92000,47000,0.495,19.3,8.4,4.1,9.4,1,4,7223,3557,3666,9069,16.8,0,0.3,25.6,65,1.3,1,6.8,19.5,23.4,18.1,-1,-1,-1,85.3,7.8,-1,-1,-1,0,0,0,0,0,0,-1,-1,-1,-1,17.8,19588,13429,37.1
13211,"""Morgan, (GA)""",7.7,35.7,8.4,24.2,21.7,16.2,22.4,10.5,11.3,75.8,13.3,230000,68000,0.423,11.6,9.3,3.2,10.3,7,2,14584,7621,6963,18832,19.9,0,0,22.8,72.2,0.7,1.2,3.1,16,20.3,14.8,-1,-1,-1,88.8,13.3,29.1,-1,-1,1,0,0,0,0,14.9,2.4,-1,-1,-1,14.8,20990,14152,35.5
13213,"""Murray, (GA)""",8.2,35.7,11.2,35.7,23.8,22.8,20.3,13.1,27.7,89.4,16.1,122000,59000,0.42,15.9,7.5,4.3,9.9,28,3,29966,15365,14601,39789,14.6,0.1,0.3,0.8,81.6,0.5,1.6,15.1,16.7,-1,16.4,-1,-1,-1,84.3,20.8,11,-1,-1,1,0,0,1,0,17.5,5.7,-1,-1,-1,20.4,19491,13833,42.6
13215,"""Muscogee, (GA)""",6.9,31,12.1,34.1,27.6,19.8,17.8,10.4,11.9,72.5,20.2,143000,45000,0.49,21.1,17.6,5.3,9.5,45,3,147060,76751,70309,195418,13.3,0.2,2.6,45.6,39.7,0.5,3.7,7.7,18.6,23.5,14.9,19,-1,-1,86.7,13.7,41.4,38.7,0.4,3,0,0,2,2,15.9,0.9,16.3,24.5,97.9,13.3,20335,14290,37.7
13217,"""Newton, (GA)""",6.7,32.9,11.2,27.6,27.1,18.8,11.1,6.6,12.9,79.1,18.4,159000,62000,0.423,14.4,16.2,4.4,10.7,4,2,81160,43895,37265,109835,13,0.1,1.2,45.2,44.9,0.7,2.2,5.7,17.4,22.7,14.9,-1,-1,-1,87.5,14.7,29,44,0.4,1,0,1,1,0,9.8,4,55.9,-1,-1,16.7,22982,16563,35.8
13219,"""Oconee, (GA)""",6,32.8,8.6,25.7,18.9,12.1,8.1,4.3,5.1,49.4,3.6,304000,105000,0.491,6,7.4,2.2,10.3,5,3,28807,14857,13950,39194,15.1,0,4.1,4.9,83.6,0.5,1.5,5.4,14.1,21,13.5,-1,-1,-1,89.3,10.9,38.7,57,0.6,0,0,0,0,0,11.9,0.8,8.1,8.1,-1,9.9,16687,10536,33.5
13221,"""Oglethorpe, (GA)""",8.6,37.1,7.8,24.1,24.3,20.2,29.3,18.3,16.5,80.4,12.1,133000,56000,0.427,13.4,12.8,2.9,10,2,3,11728,5983,5745,15040,18,0,0.3,17.1,75.3,0.3,2.2,4.8,15.6,19.9,14.4,-1,-1,-1,86.7,19.4,-1,-1,-1,0,0,0,0,0,0,-1,-1,-1,-1,19.6,19775,13774,38.3
13223,"""Paulding, (GA)""",5.7,31.8,9.4,31.5,25.5,17.3,10.6,4.7,9.5,76.1,8.4,184000,78000,0.366,7.3,9.7,3,7.3,15,2,121281,63043,58238,164440,10.8,0.1,1,19.3,69,0.6,3.4,6.6,15.5,22.2,14.3,21.7,-1,-1,86.7,19.7,36.7,24.6,0.2,1,0,1,1,0,6.5,6.5,84.3,168.7,-1,13.7,20551,14443,39.4
13225,"""Peach, (GA)""",7.6,34,9.2,22.6,23.6,18.9,22.2,14.6,15.6,78,19.5,140000,52000,0.485,19.2,11.3,4.7,10,4,3,21795,11438,10357,27502,15.8,0,1,44.3,45.5,0.3,1.2,7.7,16.8,20,14.4,-1,-1,-1,86.6,24.1,12.9,71.2,0.7,1,0,0,1,0,10.7,4.6,-1,-1,-1,17.7,19953,13803,41.6
13227,"""Pickens, (GA)""",8.7,37.1,9,27.1,20.6,17.4,11.8,8.5,12.5,77.3,10,196000,70000,0.418,10.5,8.6,2.8,9.5,8,2,25617,13138,12479,32002,21.8,0.7,0.2,1.6,85.7,0.3,8.4,3.1,15.1,-1,15,-1,-1,-1,88.1,15.9,33.3,39,0.4,1,0,1,1,0,21,2.3,32.6,32.6,-1,16.2,17997,11727,37
13229,"""Pierce, (GA)""",8.9,37,8.6,31.2,22.8,22.3,30.9,9.2,16,86.6,18,102000,52000,0.478,16.5,8.3,3.1,8.9,3,4,14529,7441,7088,19336,17.1,0.3,0,10.1,84,0.2,0.5,4.9,19,-1,17.7,-1,-1,-1,85.4,20.4,24.8,-1,-1,0,0,0,0,0,30.4,4.9,-1,-1,-1,18,23055,14925,38.3
13231,"""Pike, (GA)""",7.1,35.8,8.2,23.2,21.3,18.6,20.4,7.7,12.9,80.5,9.3,182000,65000,0.418,10.1,7.8,2.8,10.2,1,2,14237,7426,6811,18565,15.8,0,0.3,8.8,86.8,0.9,1.6,1.6,16.9,-1,16.5,-1,-1,-1,87.1,18.6,-1,-1,-1,0,0,0,0,0,0,4.7,-1,-1,-1,15,17715,11318,31.2
13233,"""Polk, (GA)""",8.3,34.2,10.2,28.6,25.9,21.3,20.1,11.3,19.3,87.3,19.3,122000,51000,0.458,16.3,11.9,3.6,9.9,7,4,31475,16216,15259,42251,15.4,0,0.5,11.2,71.7,0.3,3.1,13.2,17.5,22.9,16.9,-1,-1,-1,84.9,30,32.1,25.8,0.3,1,0,1,1,0,16.3,3.6,-1,-1,-1,17.9,22280,15738,44
13235,"""Pulaski, (GA)""",9.7,37,9.2,24.3,20.7,21.3,35.2,13.6,20.5,86.9,15.4,110000,44000,0.438,20.4,16,3.6,9.5,9,3,9217,5512,3705,11185,20.5,0.4,0.6,38.1,57.6,0.4,0.1,2.8,18.3,24.5,15.3,-1,-1,-1,88.1,24.5,-1,-1,-1,1,0,0,0,0,40.6,1.6,11.1,-1,-1,15.8,20238,13984,40.5
13237,"""Putnam, (GA)""",10.1,38.8,7.6,22.5,22.2,18.8,21.3,9.7,12.3,76.5,16.4,166000,56000,0.512,16.3,16,4,10.3,33,4,17510,9072,8438,21906,23.6,0,0.1,26,65.5,0.5,1.7,6.2,16.7,18.9,15.7,-1,-1,-1,89,17.3,28.8,69.2,0.7,1,0,1,1,0,18.1,2.5,22.1,-1,-1,18.2,16833,11052,36.6
13239,"""Quitman, (GA)""",11.8,42.5,8.8,22.8,22.7,19.8,40.7,27.3,29,88.5,27.4,70000,38000,0.511,23.1,10.2,4.9,9,15,4,1994,972,1022,2290,31,0,6.8,46.9,42,0.3,2.8,1.2,17.7,-1,15.6,-1,-1,-1,89.6,31.7,-1,-1,-1,0,0,0,0,0,0,-1,-1,-1,-1,19.7,18562,12799,35.3
13241,"""Rabun, (GA)""",10.8,39.6,7.8,24,20.2,18.4,22.8,14.1,15,71.6,10.9,186000,53000,0.536,13.8,16.8,3.1,8.9,87,4,14187,7338,6849,16859,28.2,0,1.6,1.4,87.9,0.3,1,7.8,16.1,-1,15.9,-1,-1,-1,87.9,19,48.9,18.6,0.2,1,0,0,1,0,17.8,1.4,-1,-1,-1,21.5,17868,11817,34.9
13243,"""Randolph, (GA)""",12.6,39.4,9,22.7,20.1,24.4,26.3,16.7,26,87.7,29.4,76000,36000,0.432,27.4,16.2,5.2,9.1,0,4,5077,2627,2450,6888,22.2,0,0,63.2,32,0.2,1.2,3.4,18,21,14.8,-1,-1,-1,87.7,8.3,-1,-1,-1,1,0,0,0,0,62.7,3.4,-1,-1,-1,16.4,22032,15189,32.6
13245,"""Richmond, (GA)""",7.3,31.4,14,33.9,29.2,20.6,19.6,10.7,14.3,77.5,20.9,115000,44000,0.479,25.5,18.8,5.3,9.5,23,3,155959,81737,74222,202178,13.9,0.1,1.9,55.6,33.8,0.9,2.7,5,19.8,23.4,15.6,25.5,-1,22.1,85.9,14.3,23.9,-1,-1,5,2,2,3,3,13.1,0.9,5.8,5.6,13.5,14.3,22724,17449,29
13247,"""Rockdale, (GA)""",7,33.8,10.3,31.9,22.5,17.2,15.2,4.9,10.7,72.8,17.9,170000,61000,0.416,12.7,13.6,4.6,10.8,18,2,67933,36740,31193,90155,14.3,0,2.1,54.9,30.1,0.6,2.2,10.1,18.8,22.9,14.4,-1,-1,-1,88.9,13.7,31.5,27.3,0.3,1,0,1,1,0,17.1,1.4,90.9,90.9,-1,16.1,21269,15582,31.8
13249,"""Schley, (GA)""",8.4,36.2,7.7,21.9,18.9,20.1,26.5,15.3,14.2,87.9,14.3,135000,53000,0.429,15,14.5,3.7,9.7,1,4,4028,2048,1980,5215,15.9,0,0,27,64.9,0.2,1.6,6.3,19.4,-1,17.4,-1,-1,-1,87.3,18.4,-1,-1,-1,0,0,0,0,0,0,-1,-1,-1,-1,14.8,15465,8856,33.9
13251,"""Screven, (GA)""",8.8,37,9.4,25.5,22.8,21.3,28.5,18.7,16.8,85.4,22.4,86000,44000,0.466,20.7,8.7,5.6,9.3,4,4,11041,5730,5311,13977,19,0.3,0.7,40.7,54.5,0.5,1,2.3,18.7,24.4,15.9,-1,-1,-1,87.6,22.6,-1,-1,-1,1,0,0,0,0,21.3,7,-1,-1,-1,15.5,24016,17167,35.3
13253,"""Seminole, (GA)""",10.5,38.4,8.1,23,20,21.2,35,24.9,15.7,84.6,27.1,92000,42000,0.548,22.9,16.6,3.7,9,15,4,6506,3456,3050,8218,23.2,0,1.1,35.1,61.3,0.3,1,1.2,18.2,23.7,15.8,-1,-1,-1,88.4,26.2,-1,-1,-1,1,0,0,0,0,54.7,0.8,-1,-1,-1,16.9,23006,16988,37.6
13255,"""Spalding, (GA)""",8.5,34.8,9.5,30.3,25.9,21.3,27.5,14.4,17.1,81.9,21.4,135000,51000,0.539,17.9,13.9,4.7,10.4,15,2,50466,26714,23752,66043,18.2,0.3,1,34.1,57.8,0.4,1.7,4.7,20.1,26.8,16.8,-1,-1,-1,86.9,17.3,8.6,62.5,0.6,1,0,0,1,0,14.8,2.2,33.4,-1,-1,17,20565,14110,33.2
13257,"""Stephens, (GA)""",8.4,36.4,9.6,21.7,22.9,19.5,25.2,15.1,18.4,82,20.6,124000,47000,0.424,16.9,10.3,4.3,9.5,44,4,20324,10611,9713,25934,20.1,0.1,0.6,11.2,81.8,0.2,2.5,3.6,16.3,23.7,15.9,-1,-1,-1,86.6,12.2,41,57,0.6,1,0,0,0,0,26.1,1.5,-1,-1,-1,16.1,18930,12873,37
13259,"""Stewart, (GA)""",7.3,28.9,8.6,21.4,19.9,21.9,44.8,25.1,27.3,86.4,18.7,44000,40000,0.49,31.3,12.9,3.8,9.4,11,4,5702,1741,3961,6446,14.6,0.2,3,56.9,22.6,1.1,0.5,15.7,18.3,21.2,16.4,-1,-1,-1,77.9,-1,-1,-1,-1,0,0,0,0,0,0,-1,-1,-1,-1,18.5,21512,15175,33.2
13261,"""Sumter, (GA)""",8,35.5,11.9,29.4,26.9,19.5,27.2,12.5,15.8,80,27.8,122000,43000,0.479,24.3,14.9,5.7,9.9,5,4,22990,12283,10707,29714,16.6,0,1.3,52.8,39,0.2,0.9,5.8,19.8,23.3,17.2,-1,-1,-1,86.2,13.4,30,-1,-1,1,0,1,1,0,20.3,1.3,-1,-1,-1,16.2,19797,12692,31.8
13263,"""Talbot, (GA)""",10.6,39.2,8.5,22.9,19.9,21.5,38.9,24,17.4,87.4,18.8,99000,44000,0.445,20.8,10.3,4.5,10.1,6,4,5202,2746,2456,6245,24.5,0,0.5,56.6,40.3,0.8,1.1,0.7,18.5,22.8,15.7,-1,-1,-1,89.3,12.4,-1,-1,-1,0,0,0,0,0,0,3.1,-1,-1,-1,16.1,21309,15457,37.7
13265,"""Taliaferro, (GA)""",12.2,39.2,8.6,21,20.9,23,46.8,30.7,22.2,94.3,24.1,64000,28000,0.44,23.2,15.7,5,9.4,3,4,1368,711,657,1596,29.4,0,0.5,58.5,36.4,0.3,0,4.3,17.1,-1,-1,-1,-1,-1,89.2,35.3,-1,-1,-1,0,0,0,0,0,0,-1,-1,-1,-1,17.5,25373,18475,29.8
13267,"""Tattnall, (GA)""",8.3,33.7,9.9,22.6,23,23,22.2,12.9,22.6,86,15.6,90000,45000,0.453,20.7,9.4,3.2,9.5,4,4,20193,8074,12119,25392,13.6,0.2,0.1,28.8,56.9,1.1,1.1,11.8,19.5,25.3,17.7,-1,-1,-1,84.1,17.4,-1,-1,-1,0,0,0,0,0,30.6,4.2,-1,-1,-1,19.7,22759,15056,35
13269,"""Taylor, (GA)""",10.9,38.7,8.7,21.6,19,24.3,34.4,22,20.5,87.5,22.4,87000,39000,0.51,23.2,20.8,5.7,10,1,4,6490,3449,3041,8126,20.6,0,3.3,38,57.4,0.3,0.3,0.7,14.5,18.9,13.9,-1,-1,-1,86.8,21.2,-1,-1,-1,0,0,0,0,0,0,-1,-1,-1,-1,15.8,24035,17225,38.7
13271,"""Telfair, (GA)""",10.2,36.1,12.4,26.4,22.7,25,51,40.7,28.2,93,18.4,69000,38000,0.513,29.9,7.6,7.2,9.4,3,4,13265,5278,7987,15871,18.2,0,0,38.9,49,0.4,0.3,11.4,17.4,21.7,16.2,-1,-1,-1,83.9,30.2,-1,-1,-1,0,0,0,0,0,32.1,5.3,-1,-1,-1,16.8,23867,17231,43.9
13273,"""Terrell, (GA)""",10.4,37.2,8.3,22.6,22.4,24.4,29.5,20.3,23.5,89.8,35.3,93000,39000,0.452,27.8,17.2,6.2,9.5,1,3,6653,3511,3142,8654,19.3,0,3,57.7,35.7,0.3,0.4,2.9,19.8,22.7,17.1,-1,-1,-1,87.5,-1,-1,-1,-1,0,0,0,0,0,0,-1,-1,-1,-1,17.1,22329,15074,30.2
13275,"""Thomas, (GA)""",8.4,34.7,9.1,27,26.3,19.2,17.9,10.8,13.9,75.9,20.9,150000,58000,0.474,16.2,14.5,4.2,10.2,17,4,33953,18293,15660,44545,18,0.1,0.2,36.8,57.5,0.4,1.3,3.7,16.6,20.1,15.6,-1,-1,-1,87.8,18.2,34.5,42.8,0.4,1,0,1,1,1,15.3,1.1,8.9,22.2,11.1,16.1,20164,14021,35
13277,"""Tift, (GA)""",7.8,33.3,9.9,26.9,28.5,19.8,31.9,22.1,16.8,82.7,22.3,123000,45000,0.48,20.5,14,3.4,9.5,5,4,30554,16175,14379,40590,14.8,0.2,1.2,29.3,55,0.4,1.9,12,19.5,22.9,18.3,-1,-1,-1,85.4,17.9,28.8,-1,-1,1,0,1,1,1,16.9,1.2,20.3,13.5,-1,19.2,21231,13513,32.8
13279,"""Toombs, (GA)""",8.7,35.9,9.4,28.6,23.6,21.5,23.3,14.9,16.5,83.4,24.4,98000,42000,0.523,22.2,12.6,4.5,9.5,1,4,19869,10784,9085,26947,16.3,0,0.7,25.6,59.7,0.9,1.6,11.5,19.5,24.2,17.6,-1,-1,-1,85.5,16.4,-1,-1,-1,1,0,0,0,0,25.9,1.1,13.4,26.8,-1,19.4,20393,14771,37.5
13281,"""Towns, (GA)""",10.2,40,8.4,24.3,20.6,13.7,19.9,14.4,8.3,67.4,8.4,242000,44000,0.433,13.2,15.3,3.9,9,73,4,10366,5544,4822,11815,34.2,0.2,0.5,1.3,93.7,0.4,1.1,2.8,15.8,-1,15.8,-1,-1,-1,88.6,15.2,36.3,-1,-1,1,0,0,1,0,47.9,1.5,-1,-1,-1,18.9,16978,10933,32.4
13283,"""Treutlen, (GA)""",9.9,36.2,7.9,22.5,23.3,24.5,30.4,17.2,23.6,83.7,22.3,72000,41000,0.557,23.4,16.7,4.3,9.4,1,4,5173,2437,2736,6787,17.2,0,0,28.9,69,0.2,0.1,1.8,19.8,24.9,17.9,-1,-1,-1,84.9,34.7,-1,-1,-1,0,0,0,0,0,0,-1,-1,-1,-1,19,21446,17250,42.7
13285,"""Troup, (GA)""",7.7,34,10.5,28.7,26,21.2,22.6,13.4,14.8,79.9,17.2,138000,52000,0.482,16.4,17.2,4.4,10.1,22,4,52872,28141,24731,70095,14.8,0.1,2.1,36.5,55.7,0.5,1.5,3.6,16.5,20.2,15.1,-1,-1,-1,86.4,19.8,36.4,30.8,0.3,1,0,1,1,1,13,1.8,17.5,35,-1,16.6,23222,17335,35.5
13287,"""Turner, (GA)""",9.7,37.3,9.9,21.8,21,23.3,34.8,20.8,20.8,89.2,28.7,74000,46000,0.453,22.2,14.6,6.4,9.2,2,4,5989,3088,2901,7920,19,0,0.7,39.3,53.3,0.3,1.6,4.8,19.1,20.6,18.2,-1,-1,-1,86.2,22.7,-1,-1,-1,0,0,0,0,0,33.4,8,-1,-1,-1,15.1,18419,12286,37.1
13289,"""Twiggs, (GA)""",9.6,39.4,9.1,21.7,23.5,20.4,30.4,23.4,20.4,89.7,20.6,72000,46000,0.472,20,10.5,5.1,9.7,12,3,6610,3390,3220,8195,22.6,0.3,0.1,41.9,54.8,0.4,1,1.5,17.9,23.8,15.5,-1,-1,-1,88.4,27.4,-1,-1,-1,0,0,0,0,0,0,8.1,-1,-1,-1,16.8,21254,14198,43
13291,"""Union, (GA)""",11.4,41,6.5,24.1,23.1,16.9,22,13.4,10.9,77.3,8.8,199000,51000,0.492,12.9,13.3,2.7,8.9,63,4,20173,10584,9589,23999,33.1,0.3,0.3,0.7,93.6,0.3,1.4,3.4,15.8,-1,15.8,-1,-1,-1,90,15.1,37.1,23.1,0.2,1,0,1,1,0,16.2,1.5,4.9,-1,-1,18.8,15799,9803,32.8
13293,"""Upson, (GA)""",8.9,37.7,9.3,24.7,26.7,21,27.6,14.6,17.3,86.4,23.6,103000,48000,0.459,15.2,14.3,4,10.1,6,4,20406,10918,9488,26329,18.3,0.6,1,27.4,67,0.3,1.4,2.3,15.4,19.5,13.9,-1,-1,-1,86.8,18.3,24.9,-1,-1,1,0,1,1,0,10.8,1.5,-1,26.3,-1,13.7,18061,12409,33.6
13295,"""Walker, (GA)""",8.7,35.9,9.1,25.6,26.4,20.3,20.8,11.6,16.8,80.8,12.5,122000,49000,0.457,14.1,9.7,3.1,9.2,23,3,54303,28102,26201,69398,18.4,0.1,0.7,3.8,90.6,0.3,2.2,2.3,16.1,22.2,15.7,-1,-1,-1,86.1,24.6,24.6,47.3,0.5,0,0,0,0,0,13.3,5.4,-1,-1,-1,15.1,18612,12378,42.2
13297,"""Walton, (GA)""",7.4,34.9,9.2,26.4,25.6,18.5,14.2,8.4,12.8,77.5,11.5,211000,71000,0.416,11.4,11.6,3.2,10.7,5,2,70355,36660,33695,93284,15.6,0,1.6,18.1,73.7,0.7,1.3,4.6,15.5,22.3,14.4,-1,-1,-1,87,13,17.6,-1,-1,1,0,0,0,0,9.3,4.3,-1,94.6,-1,15.2,20103,13533,37.4
13299,"""Ware, (GA)""",9.2,35.8,10.1,31.1,24.4,23.1,31.4,8.7,18.5,84.8,24.9,87000,40000,0.46,26,13.1,3.7,9.1,19,4,27131,13502,13629,35745,17,0.2,1.3,30.4,62.7,0.3,1,4.1,19.2,25.7,17.3,-1,-1,-1,85.7,16,14.3,62.5,0.6,1,0,0,0,0,33.1,1.5,8.9,17.9,-1,16.7,24583,17451,38.7
13301,"""Warren, (GA)""",10.4,39.4,8.8,21.8,21.7,23.6,48.3,23.6,24.9,89.5,25.7,65000,40000,0.522,23.4,8.9,4.7,9.7,7,4,4179,2236,1943,5259,22.2,0,0.9,60.8,37.7,0.3,0.3,0,18.5,21.3,16.3,-1,-1,-1,88.4,13.8,-1,-1,-1,0,0,0,0,0,0,1.8,-1,-1,-1,15.1,20257,15803,37.6
13303,"""Washington, (GA)""",9,35.2,8.7,22.2,20.5,22.6,30.8,18,15.9,84.9,21,93000,43000,0.477,21.3,17.7,5,8.1,1,4,15961,7838,8123,20316,18.1,0,0.6,52.8,42.2,0.5,1.4,2.5,18.9,23.2,16.2,-1,-1,-1,87,17,19.7,-1,-1,1,0,0,0,0,20.1,1.9,-1,-1,-1,15.6,19952,14766,36.7
13305,"""Wayne, (GA)""",8.4,35.4,11,27.6,24.2,22.6,25.4,11.9,15.4,87.4,20.3,116000,49000,0.456,19.7,9.3,3.7,9,8,4,22627,11117,11510,29959,15.8,0,0.4,20.3,71,0.4,1.5,6.4,18.2,24.7,17.1,-1,-1,-1,85.4,16.9,-1,-1,-1,1,0,0,0,0,23.2,2.5,29.9,-1,-1,17.6,23098,14814,36.1
13307,"""Webster, (GA)""",10.6,38.6,8,21.4,20.5,20.4,33,20.6,20.4,89,19.3,70000,45000,0.499,18.6,10.6,4.4,9.4,1,4,2011,1035,976,2587,24.9,0.3,0,32.8,53,0.2,1.3,12.4,18.7,-1,-1,-1,-1,-1,88.6,26.2,-1,-1,-1,0,0,0,0,0,0,2.6,-1,-1,-1,16.8,17199,12170,32.6
13309,"""Wheeler, (GA)""",9.1,33.2,9.1,25,23.9,27.3,53.2,49.4,25.1,84.9,15.2,56000,37000,0.436,35.6,9.3,5.5,9.3,3,4,6571,2121,4450,7897,14.7,0,0,38.9,55.8,0.1,0.2,5,19.2,-1,17.5,-1,-1,-1,83.5,20.4,-1,-1,-1,0,0,0,0,0,0,7.9,-1,-1,-1,15.5,22092,15020,42.2
13311,"""White, (GA)""",8.7,38,7.5,21.2,18,17.7,23.3,8.7,15.3,79.8,9.8,183000,59000,0.4,12.5,9.4,2.5,9.1,26,4,24404,12614,11790,29962,22.7,0.5,0.6,2.4,92.2,0.3,0.8,3.2,15.6,-1,15.2,-1,-1,-1,87.7,14.9,42.3,-1,-1,0,0,0,0,0,10.7,5.1,-1,-1,-1,18.8,18839,11932,35.3
13313,"""Whitfield, (GA)""",8,32.4,10.4,29.8,28.3,19.7,17.1,11.9,28.6,83.6,11.7,143000,56000,0.451,13,9.5,3.9,10.2,17,3,77122,39146,37976,104122,13.9,0.1,1.3,3.3,58,0.5,1.4,35.4,17.9,24.1,17.2,24.2,-1,-1,84,23.5,36.6,36.4,0.4,1,0,1,1,1,15.6,1.9,20.9,52.3,34.9,22.9,17982,12363,37.9
13315,"""Wilcox, (GA)""",9.3,35.2,10.5,26.7,25.8,23.5,38.4,27.5,16.5,88,18.9,62000,41000,0.466,27.9,8.9,4.6,9.4,1,4,7077,2627,4450,8701,16.8,0.1,0,35.5,58.8,0.3,0.6,4.7,17.8,22.2,16.3,-1,-1,-1,85.1,24.1,-1,-1,-1,0,0,0,0,0,0,8.6,-1,-1,-1,15.6,21600,14387,41.8
13317,"""Wilkes, (GA)""",10.7,38.3,9.3,23.9,24.4,21.9,52.4,35.2,18.8,88.6,21.2,79000,42000,0.494,20.2,16.1,4.7,9.7,11,4,7730,4089,3641,9797,23.4,0,0,41.8,51.2,0.3,1.6,5.1,16.4,17.8,15.7,-1,-1,-1,88,22.2,19.2,-1,-1,1,0,0,0,0,0,2.4,-1,-1,-1,19.7,21873,15225,38.3
13319,"""Wilkinson, (GA)""",9.7,38.2,8.3,21.2,20.5,22.3,34.1,22.4,13.9,88.8,22,70000,44000,0.501,20.1,15.2,4.2,9.5,2,4,6915,3651,3264,8945,19.3,0,0,39,56.6,0.3,1.2,2.9,19.2,24.3,16.3,-1,-1,-1,87.7,22,-1,-1,-1,0,0,0,0,0,0,3,-1,-1,-1,16.3,18974,13504,42.7
13321,"""Worth, (GA)""",9,36.8,8.5,23.3,21.8,21.2,27,12.9,15,89.7,20.4,93000,48000,0.458,18.2,10.5,4,9.7,1,3,15828,8400,7428,20346,19.2,0.2,0.9,28.1,67,0.6,1,2.2,19.2,23,17.1,-1,-1,-1,87.2,16.7,43.2,-1,-1,1,0,0,0,0,19.3,3.4,-1,-1,-1,17.2,20296,14025,32.8